{
  "Position": {
    "RMSE": 0.36273451932293616,
    "MAE": 0.28173480786152477,
    "R\u00b2 Score": 0.953398086081986
  },
  "Curvature": {
    "RMSE": 0.002863578373821954,
    "MAE": 0.0019968032299717857,
    "R\u00b2 Score": 0.9714121296030468
  },
  "Model Type": "GaussianProcessRegressor"
}