fold,tested_group,mse,rmse,mae,r2,fitting_time_s,learned_kernel
1,0.005,0.00047130423260234095,0.021709542431897107,0.019155577223946882,-6.264707805069575e+32,188.02442812919617,0.829**2 * RBF(length_scale=0.996) + WhiteKernel(noise_level=0.0427)
2,0.007142,0.00026912398753322736,0.016404998858068457,0.013827557679112451,0.0,178.44187593460083,0.846**2 * RBF(length_scale=0.916) + WhiteKernel(noise_level=0.0151)
3,0.01,0.0001399697960302888,0.011830883146675433,0.010134105790013885,-4.651294286194106e+31,216.09089994430542,0.871**2 * RBF(length_scale=0.913) + WhiteKernel(noise_level=0.0174)
4,0.01818,3.1267608007593475e-05,0.0055917446300411,0.004160809669748745,-2.5976112453076163e+30,201.59869861602783,0.879**2 * RBF(length_scale=0.945) + WhiteKernel(noise_level=0.0346)
5,0.05,0.00181503429064958,0.04260321925218304,0.04255919577076306,0.0,160.04395580291748,0.851**2 * RBF(length_scale=1.33) + WhiteKernel(noise_level=0.0344)
