{
  "model": "ExtraTrees_Optuna",
  "rmse_position": 0.6523669958021913,
  "rmse_curvature": 0.006111934412859132,
  "r2_position": 0.8302122009789136,
  "r2_curvature": 0.8749566095611904,
  "mae_position": 0.22254576950812296,
  "mae_curvature": 0.0036600296219744394,
  "maxerr_position": 4.213418085782948,
  "maxerr_curvature": 0.039879531487431334,
  "best_params": {
    "n_estimators": 443,
    "max_depth": 15,
    "min_samples_split": 7,
    "min_samples_leaf": 5,
    "max_features": null,
    "bootstrap": true
  },
  "optimization_history": [
    {
      "trial": 0,
      "value": 0,
      "params": {
        "n_estimators": 443,
        "max_depth": 15,
        "min_samples_split": 7,
        "min_samples_leaf": 5,
        "max_features": null,
        "bootstrap": true
      }
    }
  ]
}