{
  "Position": {
    "RMSE": 0.6584932547053278,
    "MAE": 0.4951139958780056,
    "R\u00b2 Score": 0.8464221296693974
  },
  "Curvature": {
    "RMSE": 0.0045626962953953815,
    "MAE": 0.003125616159848009,
    "R\u00b2 Score": 0.927421701798541
  },
  "Best Hyperparameters": {
    "estimator__subsample": 0.8,
    "estimator__reg_lambda": 0,
    "estimator__reg_alpha": 0,
    "estimator__num_leaves": 50,
    "estimator__n_estimators": 200,
    "estimator__min_child_samples": 50,
    "estimator__max_depth": 10,
    "estimator__learning_rate": 0.1,
    "estimator__colsample_bytree": 1.0
  }
}