fold,tested_group,mse,mae,r2,fitting_time_s,learned_kernel
1,0.005,0.0005091367103203452,0.019742898315684956,-6.767587690396377e+32,262.90821075439453,"0.844**2 * RationalQuadratic(alpha=1.27, length_scale=1.23) + WhiteKernel(noise_level=1e-05)"
2,0.007142,0.0002418392661938552,0.01253037741305493,-3.214595231049529e+32,291.3970379829407,"0.859**2 * RationalQuadratic(alpha=1.84, length_scale=1.15) + WhiteKernel(noise_level=1e-05)"
3,0.01,0.00019837898440461723,0.011202182052433942,-6.592272496149911e+31,265.4719731807709,"0.89**2 * RationalQuadratic(alpha=1.54, length_scale=1.2) + WhiteKernel(noise_level=1e-05)"
4,0.01818,5.970990093247021e-05,0.007122317109000772,0.0,322.0431489944458,"0.891**2 * RationalQuadratic(alpha=1.63, length_scale=1.25) + WhiteKernel(noise_level=1e-05)"
5,0.05,0.001863117860476743,0.04314025341024326,-3.869544405613409e+31,279.7209508419037,"1.03**2 * RationalQuadratic(alpha=0.316, length_scale=2.09) + WhiteKernel(noise_level=1e-05)"
