{
  "Position": {
    "RMSE": 0.375239940753552,
    "MAE": 0.28942385782070335,
    "R\u00b2 Score": 0.9501294569760694
  },
  "Curvature": {
    "RMSE": 0.0030289332692321085,
    "MAE": 0.002102503217047756,
    "R\u00b2 Score": 0.968015242109981
  },
  "Model Type": "GaussianProcessRegressor"
}