Metric,Curvature
RMSE,3.1962506267542075e-06
R²,0.9999999691442403
MAE,1.3503058483707252e-06
Max Error,3.502799594728642e-05
