Fold,RMSE,MAE,MaxError,R2
1,0.008719706855247896,0.004967890632374803,0.03910575212285001,0.7520007793678061
2,0.010831145254041946,0.00683173201026377,0.04001529564979532,0.670832719872299
