{
  "model": "GPR_Curvature",
  "rmse_mean": 0.00977542605464492,
  "rmse_std": 0.001055719199397025,
  "mae_mean": 0.005899811321319287,
  "mae_std": 0.0009319206889444836,
  "max_error_mean": 0.03956052388632267,
  "max_error_std": 0.00045477176347265627,
  "r2_mean": 0.7114167496200525,
  "r2_std": 0.04058402974775355,
  "kernel": "RationalQuadratic(alpha=0.0308, length_scale=0.249) + WhiteKernel(noise_level=1e-05)",
  "training_points": 3709,
  "feature_count": 16,
  "run_count": 2,
  "n_splits_used": 2,
  "timestamp": "2025-04-26 20:05:19"
}