{
  "Section": {
    "RMSE": 0.37523992735663964,
    "MAE": 0.28942384848438735,
    "R\u00b2 Score": 0.9501294605370512
  },
  "Curvature": {
    "RMSE": 0.003028933592587421,
    "MAE": 0.0021025033531365516,
    "R\u00b2 Score": 0.9680152352808825
  },
  "Model Type": "GaussianProcessRegressor"
}